pj_id,name,investigator,description,e_id
010,uegehe,"Ltojna Euzkh","Desp. of uegehe",00726
010,uegehe,"Ltojna Euzkh","Desp. of uegehe",00995
010,uegehe,"Ltojna Euzkh","Desp. of uegehe",00386
010,uegehe,"Ltojna Euzkh","Desp. of uegehe",00115
010,uegehe,"Ltojna Euzkh","Desp. of uegehe",00567
010,uegehe,"Ltojna Euzkh","Desp. of uegehe",00067
010,uegehe,"Ltojna Euzkh","Desp. of uegehe",00083
010,uegehe,"Ltojna Euzkh","Desp. of uegehe",00096
010,uegehe,"Ltojna Euzkh","Desp. of uegehe",00433
080,akikgt,"Uumchm Zhoqq","Desp. of akikgt",00285
080,akikgt,"Uumchm Zhoqq","Desp. of akikgt",00102
080,akikgt,"Uumchm Zhoqq","Desp. of akikgt",00814
080,akikgt,"Uumchm Zhoqq","Desp. of akikgt",00753
080,akikgt,"Uumchm Zhoqq","Desp. of akikgt",00814
080,akikgt,"Uumchm Zhoqq","Desp. of akikgt",00625
080,akikgt,"Uumchm Zhoqq","Desp. of akikgt",00589
080,akikgt,"Uumchm Zhoqq","Desp. of akikgt",00910
080,akikgt,"Uumchm Zhoqq","Desp. of akikgt",00078
080,akikgt,"Uumchm Zhoqq","Desp. of akikgt",00438
080,akikgt,"Uumchm Zhoqq","Desp. of akikgt",00197
088,uoadxl,"Nlalkz Atnql","Desp. of uoadxl",00314
088,uoadxl,"Nlalkz Atnql","Desp. of uoadxl",00706
088,uoadxl,"Nlalkz Atnql","Desp. of uoadxl",00421
088,uoadxl,"Nlalkz Atnql","Desp. of uoadxl",00297
088,uoadxl,"Nlalkz Atnql","Desp. of uoadxl",00768
088,uoadxl,"Nlalkz Atnql","Desp. of uoadxl",00033
088,uoadxl,"Nlalkz Atnql","Desp. of uoadxl",00156
088,uoadxl,"Nlalkz Atnql","Desp. of uoadxl",00550
088,uoadxl,"Nlalkz Atnql","Desp. of uoadxl",00256
088,uoadxl,"Nlalkz Atnql","Desp. of uoadxl",00828
088,uoadxl,"Nlalkz Atnql","Desp. of uoadxl",00035
088,uoadxl,"Nlalkz Atnql","Desp. of uoadxl",00814
088,uoadxl,"Nlalkz Atnql","Desp. of uoadxl",00380
088,uoadxl,"Nlalkz Atnql","Desp. of uoadxl",00515
088,uoadxl,"Nlalkz Atnql","Desp. of uoadxl",00497
088,uoadxl,"Nlalkz Atnql","Desp. of uoadxl",00900
088,uoadxl,"Nlalkz Atnql","Desp. of uoadxl",00976
073,cgtozy,"Chvuum Dixsj","Desp. of cgtozy",00075
073,cgtozy,"Chvuum Dixsj","Desp. of cgtozy",00459
073,cgtozy,"Chvuum Dixsj","Desp. of cgtozy",00467
073,cgtozy,"Chvuum Dixsj","Desp. of cgtozy",00685
073,cgtozy,"Chvuum Dixsj","Desp. of cgtozy",00276
073,cgtozy,"Chvuum Dixsj","Desp. of cgtozy",00371
073,cgtozy,"Chvuum Dixsj","Desp. of cgtozy",00819
073,cgtozy,"Chvuum Dixsj","Desp. of cgtozy",00365
073,cgtozy,"Chvuum Dixsj","Desp. of cgtozy",00632
073,cgtozy,"Chvuum Dixsj","Desp. of cgtozy",00696
073,cgtozy,"Chvuum Dixsj","Desp. of cgtozy",00741
048,dhnyds,"Orvalb Kkdqr","Desp. of dhnyds",00895
048,dhnyds,"Orvalb Kkdqr","Desp. of dhnyds",00906
048,dhnyds,"Orvalb Kkdqr","Desp. of dhnyds",00286
048,dhnyds,"Orvalb Kkdqr","Desp. of dhnyds",00606
048,dhnyds,"Orvalb Kkdqr","Desp. of dhnyds",00071
048,dhnyds,"Orvalb Kkdqr","Desp. of dhnyds",00676
048,dhnyds,"Orvalb Kkdqr","Desp. of dhnyds",00227
048,dhnyds,"Orvalb Kkdqr","Desp. of dhnyds",00284
004,dsqowm,"Qcjedf Bwhkp","Desp. of dsqowm",00271
004,dsqowm,"Qcjedf Bwhkp","Desp. of dsqowm",00084
004,dsqowm,"Qcjedf Bwhkp","Desp. of dsqowm",00451
004,dsqowm,"Qcjedf Bwhkp","Desp. of dsqowm",00465
004,dsqowm,"Qcjedf Bwhkp","Desp. of dsqowm",00571
004,dsqowm,"Qcjedf Bwhkp","Desp. of dsqowm",00652
004,dsqowm,"Qcjedf Bwhkp","Desp. of dsqowm",00729
004,dsqowm,"Qcjedf Bwhkp","Desp. of dsqowm",00202
004,dsqowm,"Qcjedf Bwhkp","Desp. of dsqowm",00062
004,dsqowm,"Qcjedf Bwhkp","Desp. of dsqowm",00607
004,dsqowm,"Qcjedf Bwhkp","Desp. of dsqowm",00431
004,dsqowm,"Qcjedf Bwhkp","Desp. of dsqowm",00138
072,rwztue,"Szrgci Uvldd","Desp. of rwztue",00172
072,rwztue,"Szrgci Uvldd","Desp. of rwztue",00745
072,rwztue,"Szrgci Uvldd","Desp. of rwztue",00713
072,rwztue,"Szrgci Uvldd","Desp. of rwztue",00131
072,rwztue,"Szrgci Uvldd","Desp. of rwztue",00585
072,rwztue,"Szrgci Uvldd","Desp. of rwztue",00906
072,rwztue,"Szrgci Uvldd","Desp. of rwztue",00349
072,rwztue,"Szrgci Uvldd","Desp. of rwztue",00777
072,rwztue,"Szrgci Uvldd","Desp. of rwztue",00431
072,rwztue,"Szrgci Uvldd","Desp. of rwztue",00945
072,rwztue,"Szrgci Uvldd","Desp. of rwztue",00213
084,xlwxey,"Gmalww Llwdw","Desp. of xlwxey",00433
084,xlwxey,"Gmalww Llwdw","Desp. of xlwxey",00509
084,xlwxey,"Gmalww Llwdw","Desp. of xlwxey",00151
084,xlwxey,"Gmalww Llwdw","Desp. of xlwxey",00603
084,xlwxey,"Gmalww Llwdw","Desp. of xlwxey",00382
084,xlwxey,"Gmalww Llwdw","Desp. of xlwxey",00334
084,xlwxey,"Gmalww Llwdw","Desp. of xlwxey",00973
084,xlwxey,"Gmalww Llwdw","Desp. of xlwxey",00997
084,xlwxey,"Gmalww Llwdw","Desp. of xlwxey",00006
084,xlwxey,"Gmalww Llwdw","Desp. of xlwxey",00279
070,qesmue,"Vrfwuh Rnldi","Desp. of qesmue",00566
070,qesmue,"Vrfwuh Rnldi","Desp. of qesmue",00061
070,qesmue,"Vrfwuh Rnldi","Desp. of qesmue",00880
070,qesmue,"Vrfwuh Rnldi","Desp. of qesmue",00017
092,neyfpr,"Uxroqo Rbpqv","Desp. of neyfpr",00651
092,neyfpr,"Uxroqo Rbpqv","Desp. of neyfpr",00152
092,neyfpr,"Uxroqo Rbpqv","Desp. of neyfpr",00999
092,neyfpr,"Uxroqo Rbpqv","Desp. of neyfpr",00076
092,neyfpr,"Uxroqo Rbpqv","Desp. of neyfpr",00072
092,neyfpr,"Uxroqo Rbpqv","Desp. of neyfpr",00987
092,neyfpr,"Uxroqo Rbpqv","Desp. of neyfpr",00719
